Time (s),Total Torch(N.m)
[0.0],-3.276509669370072e-16
[1.0],-8.598685828218757e-16
[2.0],-1.0243363863657165e-15
[3.0],-1.2358223462144159e-15
[4.0],-1.2904801892450995e-15
[5.0],-1.4184228212117274e-15
[6.0],-1.4193890629156101e-15
[7.0],-1.5199303241640439e-15
[8.0],-1.376268505287382e-15
[9.0],-15.117992423474789
[10.0],-11.628113875552382
[11.0],-9.805281441018018
[12.0],-8.69553236938709
[13.0],-8.236340801363138
[14.0],-7.829284257579386
[15.0],-7.6283328044435805
[16.0],-7.354812675244215
[17.0],-7.143521943742333
[18.0],-6.858795028592302
[19.0],-16.748718191809928
[20.0],-12.637991925499335
[21.0],-13.65893182657154
[22.0],-13.773597770248047
[23.0],-14.447672704569875
[24.0],-14.836951585314504
[25.0],-15.356595497647298
[26.0],-15.65781237777496
[27.0],-15.985454870453449
[28.0],-16.156865315306806
[29.0],-21.42048969463687
[30.0],-19.022797354640545
[31.0],-17.05075540138735
[32.0],-16.293632606604746
[33.0],-15.059731008482476
[34.0],-14.587983399476006
[35.0],-13.769641967452525
[36.0],-13.393952964432845
[37.0],-12.804224452364009
[38.0],-12.478994489996484
[39.0],-22.238472265063063
[40.0],-19.044429465761482
[41.0],-16.473511015181703
[42.0],-14.88626860577776
[43.0],-13.17451011194694
[44.0],-12.081844410359114
[45.0],-10.841066494624295
[46.0],-9.99591707376955
[47.0],-9.048226141786866
[48.0],-8.36334325751524
[49.0],-1.3197929809010516
[50.0],-0.6266199709195936
[51.0],1.5520768143091432
[52.0],1.859980364488195
[53.0],3.262514453449334
[54.0],3.562478759426633
[55.0],4.506368735874526
[56.0],4.805829641265863
[57.0],5.469125981293741
[58.0],5.750820272564747
[59.0],0.5923258424311517
[60.0],-2.0515115609579615
[61.0],1.6494806539263211
[62.0],-0.326696003058498
[63.0],1.8434671624075794
[64.0],0.8233874084303459
[65.0],2.160715191108561
[66.0],1.7189545333794554
[67.0],2.5902130488400865
[68.0],2.4638301129293785
[69.0],6.850337942380525
[70.0],4.929092467090813
[71.0],8.268513977940799
[72.0],7.106738236580414
[73.0],8.868643087601571
[74.0],8.262445954617181
[75.0],9.297498547879655
[76.0],9.026340020236795
[77.0],9.659540151570551
[78.0],9.562619384504782
[79.0],7.239187996411164
[80.0],4.671216108926155
[81.0],5.782244902544784
[82.0],4.996407903055689
[83.0],5.630340342512993
[84.0],5.300814270719013
[85.0],5.687810438627708
[86.0],5.558497977677911
[87.0],5.804122010072421
[88.0],5.7727333361482245
[89.0],3.4880756158484467
[90.0],0.25412860199226306
[91.0],1.5963070902013867
[92.0],0.7167810476636746
[93.0],1.6939969358497802
[94.0],1.380561211534046
[95.0],1.9827149059731748
[96.0],1.882768710581245
[97.0],2.2559009457035177
[98.0],2.252615469908302
[99.0],-0.3298249684461385
[100.0],-2.7915428442668277
[101.0],-0.8093196444282594
[102.0],-1.6136799953898038
[103.0],-0.39894403587304916
[104.0],-0.7200305168951354
[105.0],-0.021005662243324147
[106.0],-0.14282524450721307
[107.0],0.2614548805638608
[108.0],0.22905694218861675
[109.0],-10.19578047521226
[110.0],-17.766144181171406
[111.0],-20.459980606560066
[112.0],-17.373876176923332
[113.0],-13.868194401851031
[114.0],-11.65453275335127
[115.0],-9.484765717067328
[116.0],-8.18321786201496
[117.0],-7.024583607559686
[118.0],-6.4045316441904445
[119.0],-3.409279250268603
[120.0],-4.873098337500076
[121.0],0.02911844853970358
[122.0],-1.0596582602631712
[123.0],0.34969901677523385
[124.0],-1.592029214890026
[125.0],-5.99028002810309
[126.0],-12.798987968750223
[127.0],-19.6444632614003
[128.0],-25.970369958136477
[129.0],-46.986046503325134
[130.0],-58.73247387018408
[131.0],-62.665064255245014
[132.0],-61.1824092666751
[133.0],-59.93667873741549
[134.0],-64.5053961199484
[135.0],-67.48141082374086
[136.0],-69.31909381309049
[137.0],-70.3639506494437
[138.0],-70.85680921014786
[139.0],-72.4056391210106
[140.0],-71.11444106315213
[141.0],-66.2010470272669
[142.0],-63.25881714394436
[143.0],-60.32881226558386
[144.0],-65.80486715213725
[145.0],-66.98401320136405
[146.0],-65.99016505656988
[147.0],-65.00366583002045
[148.0],-63.749704103334274
[149.0],-68.96037946846745
[150.0],-73.39491873660636
[151.0],-76.93580092573139
[152.0],-79.1795783551604
[153.0],-80.4626208989038
[154.0],-81.85712852801504
[155.0],-82.63421593153126
[156.0],-83.14544432243447
[157.0],-84.59220139583141
[158.0],-84.02086226115318
[159.0],-104.83044243642141
[160.0],-99.26004283659603
[161.0],-103.022205527183
[162.0],-100.81696151725056
[163.0],-102.57085013878537
[164.0],-101.25144217797836
[165.0],-102.2264690696785
[166.0],-101.40699898545766
[167.0],-101.95340957910715
[168.0],-101.42969467813379
[169.0],-98.83806192464876
[170.0],-92.32912150016739
[171.0],-96.1230970567454
[172.0],-92.66169193230509
[173.0],-95.12836821852841
[174.0],-93.13573544031048
[175.0],-94.60843917647857
[176.0],-93.35934426501221
[177.0],-94.21562013507076
[178.0],-93.40053425198758
[179.0],-55.55630979395392
[180.0],-59.47764205388091
[181.0],-57.32676595651554
[182.0],-59.23729803370089
[183.0],-58.01802253335557
[184.0],-59.16500771347064
[185.0],-58.39600151425752
[186.0],-59.08543472280246
[187.0],-58.58418785401443
[188.0],-58.98833424610649
[189.0],-36.31289951342024
[190.0],-42.9106186688317
[191.0],-38.23672275754119
[192.0],-42.05954267194163
[193.0],-39.19712211439526
[194.0],-41.585236910698974
[195.0],-39.79258554938587
[196.0],-41.29645852023468
[197.0],-40.17033004716166
[198.0],-41.12005326124691
[199.0],-41.77478491157378
[200.0],-41.91132222720173
[201.0],-40.62911882652504
[202.0],-41.437624401365255
[203.0],-40.650587962888466
[204.0],-41.25461720502696
[205.0],-40.801195578522304
[206.0],-41.218115128079816
[207.0],-40.951926306814066
[208.0],-41.23160861514152
[209.0],-46.672695945217484
[210.0],-46.17729910452609
[211.0],-46.18137743340728
[212.0],-45.7962825728989
[213.0],-45.888160803231905
[214.0],-45.66742638415154
[215.0],-45.74300048578212
[216.0],-45.607524626004505
[217.0],-45.65511995967917
[218.0],-45.56394095819669
[219.0],-45.85056935830548
[220.0],-45.01441322329183
[221.0],-44.939900792874894
[222.0],-44.49449029247898
[223.0],-44.50955918642754
[224.0],-44.259181084200044
[225.0],-44.288106148666394
[226.0],-44.137377079182855
[227.0],-44.15952989418949
[228.0],-44.063328389379876
[229.0],-51.41589876598935
[230.0],-50.9011704285411
[231.0],-50.50323028128689
[232.0],-50.37716325604404
[233.0],-50.21081706069497
[234.0],-50.16587223051192
[235.0],-50.077456467725
[236.0],-50.059168720336565
[237.0],-50.00813334464163
[238.0],-49.99933872184072
[239.0],-59.92200691075342
[240.0],-57.53044573059568
[241.0],-58.286047439857384
[242.0],-56.81760671968382
[243.0],-57.38659660555356
[244.0],-56.48530201578372
[245.0],-56.86866816305011
[246.0],-56.29753288394873
[247.0],-56.53931355022437
[248.0],-56.1656368702034
[249.0],-60.88738371469207
[250.0],-57.66296201516098
[251.0],-58.769641428885
[252.0],-56.94175759565505
[253.0],-57.705258790928326
[254.0],-56.58285055359457
[255.0],-57.08620614200302
[256.0],-56.373095816603076
[257.0],-56.66614805515955
[258.0],-56.18884353223567
[259.0],-50.92561205221409
[260.0],-48.82394946085041
[261.0],-50.09029826095732
[262.0],-48.86738076780415
[263.0],-49.66250930100594
[264.0],-48.903541730024386
[265.0],-49.425276767921844
[266.0],-48.96275339730813
[267.0],-49.31390640721218
[268.0],-49.04170319262513
[269.0],-37.49892627722268
[270.0],-34.44506339155482
[271.0],-36.049625340754915
[272.0],-34.620254422605406
[273.0],-35.65949297349346
[274.0],-34.86453339416681
[275.0],-35.60358267896055
[276.0],-35.183051593476
[277.0],-35.725753868790676
[278.0],-35.53553200313428
[279.0],-18.72205922968663
[280.0],-17.705666224818977
[281.0],-18.124662283976104
[282.0],-18.03258103002349
[283.0],-18.38551169192099
[284.0],-18.488367452237163
[285.0],-18.84319276133855
[286.0],-19.037974424357987
[287.0],-19.38593442056036
[288.0],-19.631462920632146
[289.0],-5.261215561057675
[290.0],-3.7556081917111235
[291.0],-4.233460273261139
[292.0],-4.332117393531177
[293.0],-4.676896541960522
[294.0],-4.946368490113674
[295.0],-5.316672177200589
[296.0],-5.636691777795972
[297.0],-6.010760934198017
[298.0],-6.349729514332469
[299.0],21.155830903160034
[300.0],23.818781699222672
[301.0],21.41573348059975
[302.0],21.10523913112615
[303.0],20.051172848674877
[304.0],19.728093563889068
[305.0],19.00076225788228
[306.0],18.673271168228183
[307.0],18.087108805883314
[308.0],17.73093987660634
[309.0],52.938982900904534
[310.0],50.585878584548674
[311.0],47.33955190134893
[312.0],44.58296056844274
[313.0],42.6142911015342
[314.0],40.66599538264577
[315.0],38.845501625831076
[316.0],37.19605440607562
[317.0],36.21628611411986
[318.0],27.4226866974783
[319.0],29.73414945649352
[320.0],29.508974944268374
[321.0],28.80358880906496
[322.0],27.842408515617446
[323.0],26.74561202187765
[324.0],25.578199433890337
[325.0],24.37679552332041
[326.0],20.852523787728718
[327.0],18.875183650684548
[328.0],16.238969510338908
[329.0],24.876694631528654
[330.0],25.419450015221777
[331.0],26.64565581581858
[332.0],26.54447190262976
[333.0],26.50923463416266
[334.0],26.361278920847266
[335.0],25.81576087402274
[336.0],25.293200579269158
[337.0],24.542319943631128
[338.0],23.8340338235719
[339.0],19.160271739646596
[340.0],20.08642776073227
[341.0],18.777997275295185
[342.0],18.106173635834917
[343.0],17.098426192698273
[344.0],16.336349197024422
[345.0],15.44410159040239
[346.0],14.718267592956018
[347.0],13.938900407267251
[348.0],13.27872336781837
[349.0],15.781401257570153
[350.0],16.57637316464327
[351.0],16.74642771169224
[352.0],16.002792468119587
[353.0],16.09583211782824
[354.0],15.457884475309143
[355.0],15.392061559106542
[356.0],14.895305724209948
[357.0],14.758077143843177
[358.0],14.369171700283918
[359.0],10.744402617633288
[360.0],14.17362738709837
[361.0],13.04405983768003
[362.0],14.316223177993415
[363.0],13.773794768725734
[364.0],14.516536922339029
[365.0],14.189993505706507
[366.0],14.63928110224322
[367.0],14.436711713110572
[368.0],14.705608617959978
[369.0],4.976580261749593
[370.0],6.891261214271864
[371.0],6.370999211304552
[372.0],7.456249134275472
[373.0],7.315893287789024
[374.0],8.076566469790576
[375.0],8.079068445230032
[376.0],8.618749920561674
[377.0],8.684097959226404
[378.0],9.071366457398216
[379.0],7.469380583867409
[380.0],7.541761495297271
[381.0],7.362752666261191
[382.0],7.520725028127812
[383.0],7.493031073271927
[384.0],7.653458971050875
[385.0],7.68762259653313
[386.0],7.82976979076636
[387.0],7.889130792633327
[388.0],8.011491801869818
[389.0],12.732561570152466
[390.0],12.211595847963904
[391.0],12.25204289962511
[392.0],12.105055124524899
[393.0],12.141171962274754
[394.0],12.07846965988616
[395.0],12.117672862814992
[396.0],12.09334368854071
[397.0],12.129586973345969
[398.0],12.125367994319873
[399.0],22.006354354244717
[400.0],21.281949051330727
[401.0],21.231684530168888
[402.0],20.859251206669054
[403.0],20.85947925378697
[404.0],20.643481286535117
[405.0],20.646359500149963
[406.0],20.509522057211726
[407.0],20.504379449412472
[408.0],20.41091279543037
[409.0],24.04325069118663
[410.0],23.35422957829718
[411.0],23.290202736341353
[412.0],22.97954151569319
[413.0],22.911928699168097
[414.0],22.710604031484685
[415.0],22.65194906943967
[416.0],22.509757366694174
[417.0],22.45490001345443
[418.0],22.348079437048757
[419.0],24.850803768918546
[420.0],24.129877323933012
[421.0],24.24955514202519
[422.0],23.87275146806157
[423.0],23.89531417569388
[424.0],23.632452157473505
[425.0],23.6131342587787
[426.0],23.418149621257932
[427.0],23.37429737027626
[428.0],23.222021200635446
[429.0],25.21923884254963
[430.0],24.301731137413018
[431.0],24.028894119071914
[432.0],23.585566025664953
[433.0],23.406627257062436
[434.0],23.114833717686558
[435.0],22.970071837099944
[436.0],22.748097736894934
[437.0],22.612916205742877
[438.0],22.42755697452823
[439.0],23.164209604621313
[440.0],22.53270063014408
[441.0],22.428148825497587
[442.0],22.08046990427472
[443.0],21.963999885809127
[444.0],21.70455938444259
[445.0],21.582473893977777
[446.0],21.37054813749874
[447.0],21.243352052747905
[448.0],21.060394082701336
[449.0],18.770279436658672
[450.0],18.302740297513875
[451.0],18.06149618147858
[452.0],17.83179218899791
[453.0],17.621439234930204
[454.0],17.43412635514431
[455.0],17.25303249292585
[456.0],17.08620532161559
[457.0],16.92309254942682
[458.0],16.76920181562062
[459.0],19.76897664653099
[460.0],19.05945746487313
[461.0],19.209525548823876
[462.0],18.84065389252134
[463.0],18.836287223338974
[464.0],18.543601732466723
[465.0],18.4746761480135
[466.0],18.22928984746553
[467.0],18.12469479364899
[468.0],17.91149399937196
[469.0],20.699711910752175
[470.0],19.95230371024682
[471.0],19.746756651040013
[472.0],19.400548289189143
[473.0],19.189356021424267
[474.0],18.91424083432513
[475.0],18.7121984382875
[476.0],18.469041342021495
[477.0],18.270319240454555
[478.0],18.04582681324431
[479.0],19.093791921439166
[480.0],18.49364544732054
[481.0],18.643869299892334
[482.0],18.35632887504287
[483.0],18.34507200937518
[484.0],18.098676234627316
[485.0],18.020134893063265
[486.0],17.797275186830273
[487.0],17.679972040227753
[488.0],17.47326265266529
[489.0],19.36294701707614
[490.0],18.858498661452618
[491.0],18.923161356567004
[492.0],18.736920215013924
[493.0],18.68785097412172
[494.0],18.518916537345792
[495.0],18.42724507366789
[496.0],18.261063240584406
[497.0],18.142338575323535
[498.0],17.976609649212467
[499.0],13.523989733366207
[500.0],13.128054478041085
[501.0],13.16749126332361
[502.0],13.057610266885526
[503.0],12.981775256221361
[504.0],12.85708575662551
[505.0],12.746349983619872
[506.0],12.60690750377635
[507.0],12.476155166852324
[508.0],12.327580699267452
[509.0],10.496546190723247
[510.0],9.90888602232335
[511.0],10.283734422879869
[512.0],10.075126306307977
[513.0],10.171635704486071
[514.0],9.970255992391102
[515.0],9.955713410900227
[516.0],9.760270266384554
[517.0],9.683818782466643
[518.0],9.495432338341555
[519.0],9.898135329886216
[520.0],9.421309692970762
[521.0],9.604911084696734
[522.0],9.439541361482757
[523.0],9.435496626486382
[524.0],9.267728488106577
[525.0],9.196087498305667
[526.0],9.02567984155549
[527.0],8.916577263108902
[528.0],8.746363306422761
[529.0],7.528645031350531
[530.0],7.114599160028654
[531.0],7.172708343011449
[532.0],6.99822855283289
[533.0],6.961211296736702
[534.0],6.80439030106279
[535.0],6.726859140767846
[536.0],6.573884491500641
[537.0],6.469584848047351
[538.0],6.317282121089871
[539.0],6.154448281582951
[540.0],5.469306736564369
[541.0],6.034628500174307
[542.0],5.7545463669533685
[543.0],5.981905889290799
[544.0],5.743864781621491
[545.0],5.820724527892681
[546.0],5.610786177845103
[547.0],5.600323748569865
[548.0],5.410844806189827
[549.0],-2.827565438840272
[550.0],-3.6644953269157763
[551.0],-2.9797978180530857
[552.0],-3.2371126625918745
[553.0],-2.950521759450928
[554.0],-3.163778025028594
[555.0],-3.0431895211525717
[556.0],-3.230058680776035
[557.0],-3.2054206940468952
[558.0],-3.3728084550284922
[559.0],-4.867302803911907
[560.0],-5.784417213252906
[561.0],-4.933628899826493
[562.0],-5.232227464782786
[563.0],-4.86092473454905
[564.0],-5.111552942875291
[565.0],-4.949187183159054
[566.0],-5.17059630510684
[567.0],-5.130519507831092
[568.0],-5.330608404392572
[569.0],-12.641378502452351
[570.0],-12.934997838117289
[571.0],-12.400967833139322
[572.0],-12.362147275228004
[573.0],-12.16262042939248
[574.0],-12.188607341553897
[575.0],-12.119452456305146
[576.0],-12.185775283817609
[577.0],-12.190897636096437
[578.0],-12.280516396000342
[579.0],-19.253352641205506
[580.0],-20.146552596143888
[581.0],-18.648182317878618
[582.0],-18.749775723380235
[583.0],-17.97783660855532
[584.0],-18.06489350288889
[585.0],-17.614669226645713
[586.0],-17.695472301248458
[587.0],-17.43702391476002
[588.0],-17.51269358037901
[589.0],-34.18873384792519
[590.0],-34.81199144255189
[591.0],-33.48497596672945
[592.0],-33.54181906972076
[593.0],-32.85421660042837
[594.0],-32.91509997765251
[595.0],-32.51379218679055
[596.0],-32.57395178209975
[597.0],-32.34110845726908
[598.0],-32.39789443976992
[599.0],-50.0972104297656
[600.0],-50.8968751415622
[601.0],-48.31819225458387
[602.0],-48.62244718643441
[603.0],-47.14636196603395
[604.0],-47.35712451073763
[605.0],-46.43785380844827
[606.0],-46.56410930658618
[607.0],-45.97362032693212
[608.0],-46.038534346135414
[609.0],-65.75566913723354
[610.0],-66.63328148563862
[611.0],-62.91782235205203
[612.0],-63.27666297195778
[613.0],-61.11331651600236
[614.0],-61.347189755804834
[615.0],-59.975137897894754
[616.0],-60.08536579703478
[617.0],-59.17717810803843
[618.0],-59.19554836651069
[619.0],-74.18987132628956
[620.0],-73.94166123897149
[621.0],-72.11011217457761
[622.0],-72.29232705343239
[623.0],-71.07997002256364
[624.0],-71.17288453079115
[625.0],-70.36498945030992
[626.0],-70.37006948273506
[627.0],-69.80779050272035
[628.0],-69.75323839289572
[629.0],-81.5719003366114
[630.0],-80.73531566548843
[631.0],-78.010367768585
[632.0],-78.25802002098692
[633.0],-76.37989131125416
[634.0],-76.48366320735892
[635.0],-75.20766341625374
[636.0],-75.16138589026116
[637.0],-74.2508874306599
[638.0],-74.10408809665586
[639.0],-94.57045844685547
[640.0],-92.38320574006137
[641.0],-90.27879026298412
[642.0],-89.87427502532351
[643.0],-88.0851163070276
[644.0],-87.62715233759414
[645.0],-86.26172188920526
[646.0],-85.72245121048688
[647.0],-84.63025953322966
[648.0],-84.0602307720905
[649.0],-112.57470988822051
[650.0],-110.61842083528715
[651.0],-108.63095227398246
[652.0],-107.77570485830555
[653.0],-104.77863471660297
[654.0],-102.44256992678746
[655.0],-99.3328035821996
[656.0],-97.37461493117314
[657.0],-94.91569865294606
[658.0],-93.17145771593302
[659.0],-112.4642224341379
[660.0],-111.89010728914765
[661.0],-113.37320474235375
[662.0],-110.40586809925085
[663.0],-108.90351487322145
[664.0],-105.77069365040221
[665.0],-103.86077259772442
[666.0],-113.29956776511895
[667.0],-105.43657809475665
[668.0],-101.29869243645824
[669.0],-104.57140872206121
[670.0],-99.5375778506006
[671.0],-100.70360244086554
[672.0],-94.33718228467109
[673.0],-105.58931340810304
[674.0],-114.41591879468109
[675.0],-121.6121613722385
[676.0],-127.4000651578231
[677.0],-132.07962693663566
[678.0],-135.8757853765521
[679.0],-131.48031812917324
[680.0],-133.1067240180369
[681.0],-136.79800049448
[682.0],-138.91717392500811
[683.0],-140.37181799231337
[684.0],-153.04948450484386
[685.0],-162.399476889988
[686.0],-168.10103986615542
[687.0],-171.1062410797536
[688.0],-169.7813193556918
[689.0],-154.16826197671296
[690.0],-144.32445455258048
[691.0],-136.1698250682388
[692.0],-135.81836289643775
[693.0],-140.15037283150622
[694.0],-138.9619191313113
[695.0],-140.83940438446209
[696.0],-139.57386571320322
[697.0],-140.21687337744046
[698.0],-139.06394561446936
[699.0],-134.40581002342515
[700.0],-127.9427957774826
[701.0],-130.48724905913704
[702.0],-126.76905478285937
[703.0],-128.09646636586467
[704.0],-125.70562483154954
[705.0],-126.31444819490235
[706.0],-124.68291623745128
[707.0],-124.84765111455722
[708.0],-123.65997804549895
[709.0],-117.94625693067097
[710.0],-113.6974244755847
[711.0],-114.38792218423912
[712.0],-112.07498771606595
[713.0],-112.3973642420888
[714.0],-110.883468249472
[715.0],-110.92869512832932
[716.0],-109.84040315542552
[717.0],-109.69173229896367
[718.0],-108.84757012480455
[719.0],-86.14053127175538
[720.0],-87.5140412186598
[721.0],-85.42708612165154
[722.0],-86.27670677116402
[723.0],-84.92428191709236
[724.0],-85.36486318219178
[725.0],-84.44421876192712
[726.0],-84.6219647723175
[727.0],-83.96186092541258
[728.0],-83.97784039837305
[729.0],-84.9115393033882
[730.0],-85.75877955702843
[731.0],-84.39830619503327
[732.0],-84.89493845570856
[733.0],-83.89261789436614
[734.0],-84.0818947627046
[735.0],-83.34786314905381
[736.0],-83.35709704774676
[737.0],-82.79847251439756
[738.0],-82.70261414250179
[739.0],-81.18123023743917
[740.0],-81.00382919593407
[741.0],-80.2909113969591
[742.0],-80.56690818248354
[743.0],-80.0022367381549
[744.0],-80.13852472408638
[745.0],-79.73210122682976
[746.0],-79.76161489515846
[747.0],-79.4516147044363
[748.0],-79.41142976635842
[749.0],-83.58925395494526
[750.0],-84.14645377181033
[751.0],-83.59399278199737
[752.0],-83.87106305343542
[753.0],-83.42459566174742
[754.0],-83.51552776804492
[755.0],-83.15918859399498
[756.0],-83.14007319504863
[757.0],-82.84304983059086
[758.0],-82.75625032851258
[759.0],-87.94025439075648
[760.0],-88.12375972232428
[761.0],-87.38341944265103
[762.0],-87.47767450679434
[763.0],-86.97135886777876
[764.0],-86.9696921945453
[765.0],-86.58437950978436
[766.0],-86.50868245978141
[767.0],-86.19031343570653
[768.0],-86.06325898151385
[769.0],-87.59415774534658
[770.0],-87.58887391079695
[771.0],-87.1539142818144
[772.0],-86.95066314745551
[773.0],-86.63622671144215
[774.0],-86.42651431089153
[775.0],-86.14886186378396
[776.0],-85.93339058407624
[777.0],-85.67455537396336
[778.0],-85.45408662879899
[779.0],-95.75081846789806
[780.0],-95.54129939424817
[781.0],-94.95106396933328
[782.0],-94.63401919536953
[783.0],-94.17437131627442
[784.0],-93.86489865114518
[785.0],-93.46617699894072
[786.0],-93.15828283271945
[787.0],-92.7928214796577
[788.0],-92.48312671444822
[789.0],-87.43419446075335
[790.0],-87.15037954385984
[791.0],-86.91810071589677
[792.0],-86.54842518773768
[793.0],-86.31196725472837
[794.0],-85.976969711247
[795.0],-85.73239013065924
[796.0],-85.428352124698
[797.0],-85.18336325989313
[798.0],-84.90287999492476
[799.0],-91.2642620679818
[800.0],-90.6398102221681
[801.0],-90.63276810989625
[802.0],-90.08717632518261
[803.0],-89.92608680287915
[804.0],-89.45305167305506
[805.0],-89.22980805465022
[806.0],-88.81643870600469
[807.0],-88.56294364888835
[808.0],-88.19207197912174
[809.0],-90.15897141603072
[810.0],-89.49973576498334
[811.0],-89.451441228123
[812.0],-88.89795504331634
[813.0],-88.74003089365472
[814.0],-88.27473977471809
[815.0],-88.06278623594619
[816.0],-87.6607305672632
[817.0],-87.4197659705466
[818.0],-87.0607222162515
[819.0],-88.65460135567788
[820.0],-88.6316549695236
[821.0],-88.44160077953126
[822.0],-88.09358533100351
[823.0],-87.82889489244344
[824.0],-87.46580500411356
[825.0],-87.1728692219254
[826.0],-86.82380750713985
[827.0],-86.52250014565628
[828.0],-86.1877986307666
[829.0],-88.46114923793603
[830.0],-88.2679538346949
[831.0],-88.0824538296039
[832.0],-87.62852583963921
[833.0],-87.37994113642561
[834.0],-86.94879118884963
[835.0],-86.66136479922095
[836.0],-86.2624777524526
[837.0],-85.95686642577225
[838.0],-85.5826579236549
[839.0],-91.32762875934743
[840.0],-90.82609538325794
[841.0],-90.42779483875402
[842.0],-89.87239277986569
[843.0],-89.49312631697074
[844.0],-88.9981531803934
[845.0],-88.61909121743514
[846.0],-88.16761968311637
[847.0],-87.79031183083033
[848.0],-87.36805256097323
[849.0],-98.7390284245666
[850.0],-97.98740227831858
[851.0],-97.67957227619094
[852.0],-96.91583705313256
[853.0],-96.54441120760649
[854.0],-95.8814460874013
[855.0],-95.47486092066353
[856.0],-94.88650312410442
[857.0],-94.46203932423016
[858.0],-93.92422232745628
[859.0],-99.79978490477573
[860.0],-98.94281692508719
[861.0],-98.74011593923875
[862.0],-97.79938490997361
[863.0],-97.5212370054283
[864.0],-96.73969068165954
[865.0],-96.38877144301524
[866.0],-95.7201516834202
[867.0],-95.32595288692869
[868.0],-94.73238672780586
[869.0],-100.96538372531072
[870.0],-100.01619644713057
[871.0],-99.80679754643745
[872.0],-98.7361842601917
[873.0],-98.45520141432685
[874.0],-97.5778531167699
[875.0],-97.21362459718117
[876.0],-96.47085818476978
[877.0],-96.0545712442335
[878.0],-95.39951762607069
[879.0],-98.77906586992304
[880.0],-98.15001472950331
[881.0],-97.57900138013804
[882.0],-96.7056154075686
[883.0],-96.25538870789836
[884.0],-95.52690974981105
[885.0],-95.07395784624049
[886.0],-94.4378543595931
[887.0],-93.97510131151184
[888.0],-93.39536696715227
[889.0],-93.35997877228571
[890.0],-92.76612817086331
[891.0],-92.14588859514014
[892.0],-91.24602017442618
[893.0],-90.799826127029
[894.0],-90.06632411892458
[895.0],-89.62750634699368
[896.0],-88.9961737514944
[897.0],-88.54895599659093
[898.0],-87.9774301261308
[899.0],-85.9679264774062
[900.0],-84.7136832461655
[901.0],-84.32230263153407
[902.0],-83.00477401784799
[903.0],-82.75791921841268
[904.0],-81.78127323978269
[905.0],-81.48613906992011
[906.0],-80.71120094040941
[907.0],-80.36408502793034
[908.0],-79.70834434490597
[909.0],-75.2196099043726
[910.0],-74.35650595362668
[911.0],-73.77922096165247
[912.0],-72.61654974212516
[913.0],-72.30542682397916
[914.0],-71.44517848771905
[915.0],-71.13061108731314
[916.0],-70.44869713370318
[917.0],-70.10804649794522
[918.0],-69.53002033048793
[919.0],-63.44358075786323
[920.0],-61.968672335771465
[921.0],-61.7861438027472
[922.0],-60.1716984862478
[923.0],-60.167648659380134
[924.0],-59.04403870860667
[925.0],-58.94938183544097
[926.0],-58.11886930834514
[927.0],-57.93470810364282
[928.0],-57.2776989372848
[929.0],-44.952631568100614
[930.0],-43.57124734235955
[931.0],-43.418790648204165
[932.0],-41.64004354049297
[933.0],-41.644947400418175
[934.0],-40.3665549644919
[935.0],-40.477957130291855
[936.0],-39.684059564161075
[937.0],-39.51197239450871
[938.0],-38.815429761042026
[939.0],-15.659291984823644
[940.0],-14.603157532086252
[941.0],-14.655401543871688
[942.0],-12.821231886620717
[943.0],-13.226743793171712
[944.0],-12.017639554345386
[945.0],-12.31364006657282
[946.0],-11.645705727900598
[947.0],-11.602428029335147
[948.0],-11.012879592188645
[949.0],36.029076801073536
[950.0],37.223640116506196
[951.0],35.777888103659606
[952.0],37.34638733879245
[953.0],35.994939914930754
[954.0],37.02158853756001
[955.0],36.272067689213564
[956.0],36.637811280198505
[957.0],36.17459811467697
[958.0],36.51673378088848
[959.0],107.78447808901524
[960.0],105.53054269215896
[961.0],102.83442903390085
[962.0],102.11617314175234
[963.0],99.8663546455961
[964.0],100.61244380961143
[965.0],96.01466940859369
[966.0],95.98477143083714
[967.0],94.98344515816446
[968.0],94.51830649407249
[969.0],153.66261271475398
[970.0],146.89287175206553
[971.0],138.8701290588046
[972.0],134.78453818601162
[973.0],132.34719469901978
[974.0],129.73839563616784
[975.0],127.9535457119652
[976.0],125.94854476473616
[977.0],124.39209310662694
[978.0],122.66552584703808
[979.0],115.13496545582926
[980.0],111.03768456118834
[981.0],108.63647476794435
[982.0],104.6740207159664
[983.0],103.51465679263562
[984.0],100.68223288154034
[985.0],99.55403226950165
[986.0],97.32628159723309
[987.0],96.1268530365365
[988.0],94.24501971454367
[989.0],56.71385541766623
[990.0],51.02588597413162
[991.0],50.47838194541814
[992.0],49.93441570516603
[993.0],46.35150356009845
[994.0],48.357348429077554
[995.0],51.870990856711586
[996.0],55.0498963866988
[997.0],57.98102199115196
[998.0],60.68408341470447
[999.0],82.86130096007807
[1000.0],82.1771435707239
[1001.0],81.46341602354686
[1002.0],80.69183189865414
[1003.0],79.8707233444717
[1004.0],79.15707559930883
[1005.0],78.38827587491693
[1006.0],77.55513404996731
[1007.0],76.69057368994972
[1008.0],75.93605692302461
[1009.0],68.38188916160756
[1010.0],67.09958214590188
[1011.0],66.20544488525024
[1012.0],63.33653617552582
[1013.0],62.65015561030219
[1014.0],60.454452176489276
[1015.0],59.60601336192578
[1016.0],57.90369288329722
[1017.0],57.011132095674675
[1018.0],55.65315945226565
[1019.0],55.539765655459114
[1020.0],55.207039553294905
[1021.0],55.39661597078263
[1022.0],52.61329491481472
[1023.0],52.68516228404775
[1024.0],50.590643872222515
[1025.0],50.295653265941546
[1026.0],48.74594377981188
[1027.0],48.28182589604667
[1028.0],47.09865675284933
[1029.0],43.35083252557612
[1030.0],43.845219554855014
[1031.0],42.70862671854539
[1032.0],41.75003395855316
[1033.0],41.0656713041985
[1034.0],40.253162850854494
[1035.0],39.654460332558564
[1036.0],38.979806120997885
[1037.0],38.442635851912954
[1038.0],37.86748763963886
[1039.0],28.621360576713794
[1040.0],30.140729879478357
[1041.0],29.652047212345742
[1042.0],29.98485505396574
[1043.0],29.762535599215827
[1044.0],29.908652546344978
[1045.0],29.738651396754094
[1046.0],29.78353297693625
[1047.0],29.635756684503562
[1048.0],29.615948769363246
[1049.0],29.534872234154715
[1050.0],31.171408189596654
[1051.0],30.7891573195581
[1052.0],31.56388757624393
[1053.0],31.34874362471656
[1054.0],31.80534191853725
[1055.0],31.669290838358386
[1056.0],31.940796417540014
[1057.0],31.849998638161967
[1058.0],32.006014617414074
[1059.0],34.66278557590644
[1060.0],35.4160514654279
[1061.0],35.09830535940745
[1062.0],35.65061471267852
[1063.0],35.41994271898948
[1064.0],35.75648411359809
[1065.0],35.6113716814359
[1066.0],35.81527634408327
[1067.0],35.72299231254625
[1068.0],35.843786701378264
[1069.0],43.72477681487919
[1070.0],43.88012474758532
[1071.0],43.80509901034639
[1072.0],43.96788494564617
[1073.0],43.90443320266548
[1074.0],44.001344266310596
[1075.0],43.954819160329656
[1076.0],44.00598746647399
[1077.0],43.967212975075775
[1078.0],43.98716896188689
[1079.0],52.7799546050487
[1080.0],52.22993352650351
[1081.0],51.86239181997978
[1082.0],51.66527787407834
[1083.0],51.389901592282705
[1084.0],51.23674400031438
[1085.0],51.02220330507645
[1086.0],50.87981934376678
[1087.0],50.69696116134202
[1088.0],50.55740821595659
[1089.0],53.09795990952403
[1090.0],52.26811361892985
[1091.0],51.9142679894466
[1092.0],51.511630405791394
[1093.0],51.20704802084102
[1094.0],50.89317141689173
[1095.0],50.62875230858196
[1096.0],50.3570721763501
[1097.0],50.11489320070021
[1098.0],49.86818487416084
[1099.0],53.929141718022755
[1100.0],52.858743140010404
[1101.0],52.62402574300059
[1102.0],51.9487537292578
[1103.0],51.71141589664685
[1104.0],51.20293134583516
[1105.0],50.95989310644633
[1106.0],50.547694915019456
[1107.0],50.300209750935764
[1108.0],49.94863377982159
[1109.0],50.40575872938537
[1110.0],49.579234070561455
[1111.0],49.40790131414685
[1112.0],48.864594926103614
[1113.0],48.66775737369123
[1114.0],48.244752621958604
[1115.0],48.03368647354717
[1116.0],47.68207872370396
[1117.0],47.462629485544674
[1118.0],47.15663031121324
[1119.0],48.78643288335647
[1120.0],47.945228466667785
[1121.0],47.631698683088985
[1122.0],47.145156878561636
[1123.0],46.852084464507634
[1124.0],46.46311657249775
[1125.0],46.18626373919183
[1126.0],45.848378202133446
[1127.0],45.57961381263113
[1128.0],45.27299648965402
[1129.0],46.184941315536165
[1130.0],45.50498417258567
[1131.0],45.11248774684103
[1132.0],44.700145736729155
[1133.0],44.35857362286481
[1134.0],44.013093597765106
[1135.0],43.704768294188995
[1136.0],43.39283645686721
[1137.0],43.10353523287578
[1138.0],42.81214835904074
[1139.0],42.601738977402476
[1140.0],42.0811181448377
[1141.0],41.82162401896957
[1142.0],41.477005234169084
[1143.0],41.21670128068387
[1144.0],40.915394742119055
[1145.0],40.664056009437985
[1146.0],40.387479240766886
[1147.0],40.14204293892798
[1148.0],39.881315428535835
[1149.0],42.642932482378455
[1150.0],41.99193783648914
[1151.0],41.72206193225531
[1152.0],41.387374918658615
[1153.0],41.105494345797084
[1154.0],40.8125350127232
[1155.0],40.54583369178519
[1156.0],40.273132235916336
[1157.0],40.01691789334734
[1158.0],39.75679568625509
[1159.0],45.573579801249416
[1160.0],44.57589167969833
[1161.0],44.480478679910796
[1162.0],43.95773605788197
[1163.0],43.75212562375316
[1164.0],43.3226518630495
[1165.0],43.08418261480164
[1166.0],42.70777597524179
[1167.0],42.452185355203014
[1168.0],42.111194447554965
[1169.0],44.10861535437854
[1170.0],43.08397295446942
[1171.0],42.8894415415676
[1172.0],42.46866075185762
[1173.0],42.18994612502469
[1174.0],41.8318746123581
[1175.0],41.549457324077366
[1176.0],41.218626588320866
[1177.0],40.93481893151837
[1178.0],40.621309097719184
[1179.0],43.68570550786125
[1180.0],42.86308158612653
[1181.0],42.325104917292435
[1182.0],41.95336024981003
[1183.0],41.45779664491503
[1184.0],41.109247505114645
[1185.0],40.668752241021174
[1186.0],40.32048428461601
[1187.0],39.91338911390395
[1188.0],39.56457217516807
[1189.0],36.9828708199378
[1190.0],36.03244723159552
[1191.0],35.889359794952234
[1192.0],35.536456455928146
[1193.0],35.26368341461483
[1194.0],34.93379722596221
[1195.0],34.63971996795002
[1196.0],34.312198142047556
[1197.0],34.00710153719149
[1198.0],33.68116193697456
[1199.0],30.529356136107104
[1200.0],29.84303125401401
[1201.0],29.494025791766617
[1202.0],29.233456188607413
[1203.0],28.85251713640647
[1204.0],28.58301563858067
[1205.0],28.224884093440963
[1206.0],27.938731328710727
[1207.0],27.596326353420075
[1208.0],27.299980175687793
[1209.0],22.06807372628999
[1210.0],21.32941466736397
[1211.0],21.489811199522265
[1212.0],21.315089122930832
[1213.0],21.21502456363765
[1214.0],21.006820322702733
[1215.0],20.834883362973635
[1216.0],20.60138614807673
[1217.0],20.392453414489648
[1218.0],20.145876621863035
[1219.0],15.00787713164252
[1220.0],14.403437701035587
[1221.0],14.876016071745173
[1222.0],14.723055246202538
[1223.0],14.82789561807521
[1224.0],14.639114756906032
[1225.0],14.609242651519715
[1226.0],14.402617883950654
[1227.0],14.30023914456149
[1228.0],14.087806884331162
[1229.0],9.208717448114614
[1230.0],8.440142698533958
[1231.0],9.266746156803316
[1232.0],9.045169795801469
[1233.0],9.37660377395568
[1234.0],9.155826003913665
[1235.0],9.281458352121364
[1236.0],9.065703486578478
[1237.0],9.073561586752225
[1238.0],8.866447740824004
[1239.0],2.4142268325906557
[1240.0],1.5553293117075855
[1241.0],2.5120515096390115
[1242.0],2.336216520307821
[1243.0],2.7511695746725637
[1244.0],2.5750570176024685
[1245.0],2.7640409376311723
[1246.0],2.5854511120615418
[1247.0],2.6409085570162767
[1248.0],2.463004221785676
[1249.0],-8.257825254934902
[1250.0],-9.659843417033901
[1251.0],-8.322620815286298
[1252.0],-8.706964544163327
[1253.0],-8.05166605239075
[1254.0],-8.344183760667622
[1255.0],-7.993846923098143
[1256.0],-8.240631371915377
[1257.0],-8.07782312453081
[1258.0],-8.296163003377558
[1259.0],-24.24570097919083
[1260.0],-25.82967251573389
[1261.0],-23.88924275369638
[1262.0],-24.2876670846394
[1263.0],-23.27065759526455
[1264.0],-23.558101666734267
[1265.0],-22.96258396604575
[1266.0],-23.18889036372305
[1267.0],-22.850965348419077
[1268.0],-23.037711481424665
[1269.0],-42.89229211188863
[1270.0],-44.45189747421998
[1271.0],-42.115695024189606
[1272.0],-42.55941715853404
[1273.0],-41.2925850889853
[1274.0],-41.60804332601552
[1275.0],-40.84414324974535
[1276.0],-41.07687131212501
[1277.0],-40.61729809067998
[1278.0],-40.79330719880964
[1279.0],-60.73969781179444
[1280.0],-62.6869627275841
[1281.0],-59.064208660189905
[1282.0],-59.62336650892267
[1283.0],-57.56192541759249
[1284.0],-57.92041586011671
[1285.0],-56.61470437952815
[1286.0],-56.83478935727434
[1287.0],-55.986321690066276
[1288.0],-56.11114089796307
[1289.0],-74.7914080261898
[1290.0],-75.89506676462884
[1291.0],-72.8951478579227
[1292.0],-73.26054918890027
[1293.0],-71.47307990122849
[1294.0],-71.68891637417234
[1295.0],-70.52865116809957
[1296.0],-70.63401840354277
[1297.0],-69.8565812558126
[1298.0],-69.88617122894037
[1299.0],-86.2432134482485
[1300.0],-86.7040824742083
[1301.0],-83.6963224019011
[1302.0],-84.20692810026952
[1303.0],-82.25851436466819
[1304.0],-82.55223773191332
[1305.0],-81.25193026156232
[1306.0],-81.37327591812847
[1307.0],-80.47478000285328
[1308.0],-80.48102521524054
[1309.0],-99.30332449979491
[1310.0],-99.18013253120272
[1311.0],-95.50249953137747
[1312.0],-96.26078694746714
[1313.0],-93.71546725880647
[1314.0],-94.1286627382439
[1315.0],-92.38201614969783
[1316.0],-92.50714615637436
[1317.0],-91.25698810796823
[1318.0],-91.19121724361798
[1319.0],-130.58445835667203
[1320.0],-130.79639863827373
[1321.0],-127.71004416522345
[1322.0],-128.23392842698246
[1323.0],-124.0605703340436
[1324.0],-123.10565022598662
[1325.0],-120.20392306459698
[1326.0],-119.14928418856839
[1327.0],-116.85282475389982
[1328.0],-115.74375725177033
[1329.0],-159.2077264485702
[1330.0],-159.70959199773145
[1331.0],-158.62531912031957
[1332.0],-157.0125452228226
[1333.0],-154.00912038540332
[1334.0],-151.83310102936244
[1335.0],-149.07431947244237
[1336.0],-147.0330926604886
[1337.0],-144.73505638065797
[1338.0],-142.94419211092512
[1339.0],-146.18755557535079
[1340.0],-143.03625083775455
[1341.0],-150.56892736821118
[1342.0],-144.85789175811598
[1343.0],-160.34420210401876
[1344.0],-147.6281752651968
[1345.0],-145.47932876351607
[1346.0],-140.0613941527065
[1347.0],-138.40642925960603
[1348.0],-133.38453832538264
[1349.0],-136.41541702102361
[1350.0],-148.2717668181929
[1351.0],-156.88389759230998
[1352.0],-163.5972661405178
[1353.0],-169.0324966348313
[1354.0],-173.50443343547457
[1355.0],-177.18254611748472
[1356.0],-180.1772448652125
[1357.0],-201.61301595372686
[1358.0],-214.86662988739573
[1359.0],-206.6875599103198
[1360.0],-203.07101190250833
[1361.0],-207.13074199646965
[1362.0],-200.30541092258179
[1363.0],-200.56478449762974
[1364.0],-195.25589022298732
[1365.0],-193.79218749733047
[1366.0],-180.20992938568503
[1367.0],-183.26654544071624
[1368.0],-183.12476371806048
[1369.0],-169.5758616395558
[1370.0],-159.39973714284676
[1371.0],-165.07973368122413
[1372.0],-159.02160565064608
[1373.0],-161.86030493649412
[1374.0],-157.9551643697216
[1375.0],-159.22763579989245
[1376.0],-156.57622393002615
[1377.0],-156.94497465070032
[1378.0],-155.02240169934888
[1379.0],-151.7862305142981
[1380.0],-141.7555553289943
[1381.0],-145.80721096712603
[1382.0],-140.20439918287732
[1383.0],-142.38842375658254
[1384.0],-138.8757447698914
[1385.0],-139.92407020576786
[1386.0],-137.57066730487563
[1387.0],-137.9147845907256
[1388.0],-136.2253556471162
[1389.0],-121.6293071942972
[1390.0],-119.7397999671497
[1391.0],-118.10687649674276
[1392.0],-117.09391100120452
[1393.0],-116.0552228300754
[1394.0],-115.29407203952965
[1395.0],-114.47008412537933
[1396.0],-113.7903731823552
[1397.0],-113.06238588949378
[1398.0],-112.41785607489521
[1399.0],-99.73570454514886
[1400.0],-100.90408735245116
[1401.0],-98.3753737419191
[1402.0],-99.20161757021943
[1403.0],-97.46408584319694
[1404.0],-97.80422767192601
[1405.0],-96.5649959235862
[1406.0],-96.5928189664067
[1407.0],-95.65532433794716
[1408.0],-95.49350321219683
[1409.0],-92.84950797463227
[1410.0],-92.66071359700626
[1411.0],-91.58735934176043
[1412.0],-91.67168753824103
[1413.0],-90.76919718228378
[1414.0],-90.6602388007414
[1415.0],-89.93222390849719
[1416.0],-89.69728890385453
[1417.0],-89.08289463254661
[1418.0],-88.77428202849148
[1419.0],-85.36930887713869
[1420.0],-85.53898826325845
[1421.0],-84.52167732163872
[1422.0],-84.85426790325904
[1423.0],-84.03486794539764
[1424.0],-84.12787168242038
[1425.0],-83.49498937799964
[1426.0],-83.42856562066294
[1427.0],-82.91238893872759
[1428.0],-82.74666194040567
[1429.0],-86.7096582776212
[1430.0],-87.4088786234351
[1431.0],-86.19171554264838
[1432.0],-86.64767750187852
[1433.0],-85.7175206617482
[1434.0],-85.8676063753327
[1435.0],-85.15407892920075
[1436.0],-85.11336042369673
[1437.0],-84.53757768768226
[1438.0],-84.37997422860731
[1439.0],-89.30672919211628
[1440.0],-89.36995544850181
[1441.0],-88.51114646948712
[1442.0],-88.33582686490016
[1443.0],-87.70874689501721
[1444.0],-87.4657536314283
[1445.0],-86.93995534075428
[1446.0],-86.64869068384937
[1447.0],-86.18028462536512
[1448.0],-85.85723010432064
[1449.0],-91.73263709642873
[1450.0],-91.41873126161495
[1451.0],-90.88588353795917
[1452.0],-90.43831902735948
[1453.0],-89.96939128581229
[1454.0],-89.53526148153622
[1455.0],-89.09111207119918
[1456.0],-88.6673519595824
[1457.0],-88.23699146940704
[1458.0],-87.81911629591345
[1459.0],-89.25361661850275
[1460.0],-88.91825693549497
[1461.0],-88.52496589492543
[1462.0],-87.99322925773875
[1463.0],-87.61025814975649
[1464.0],-87.11487434536517
[1465.0],-86.72138549182526
[1466.0],-86.25909087456338
[1467.0],-85.86243907516823
[1468.0],-85.4241088385153
[1469.0],-91.95383708228502
[1470.0],-91.16989783308243
[1471.0],-90.79583290746633
[1472.0],-90.12717802946275
[1473.0],-89.71913625805337
[1474.0],-89.1297067873197
[1475.0],-88.70450142431108
[1476.0],-88.16718873533918
[1477.0],-87.73333543813297
[1478.0],-87.22994940386192
[1479.0],-92.18686811152389
[1480.0],-91.34230100892344
[1481.0],-90.97884631295912
[1482.0],-90.30668853828277
[1483.0],-89.8804514590586
[1484.0],-89.28165122812855
[1485.0],-88.83762259576963
[1486.0],-88.2876641317964
[1487.0],-87.83553032426052
[1488.0],-87.31797637199061
[1489.0],-95.48223973603282
[1490.0],-94.71051979536907
[1491.0],-94.29203121993432
[1492.0],-93.584682168453
[1493.0],-93.10570407749545
[1494.0],-92.46212330724937
[1495.0],-91.96638821538227
[1496.0],-91.370039200945
[1497.0],-90.86754875526057
[1498.0],-90.30283874482895
[1499.0],-98.40524119358044
[1500.0],-97.65158054041139
[1501.0],-97.19801750850766
[1502.0],-96.44347431641116
[1503.0],-95.94270576227821
[1504.0],-95.2558772773924
[1505.0],-94.73358463817844
[1506.0],-94.0957533422767
[1507.0],-93.56187368818296
[1508.0],-92.95596103476882
[1509.0],-99.93559745992762
[1510.0],-99.08199757931565
[1511.0],-98.57711162398317
[1512.0],-97.72533804208008
[1513.0],-97.17935301773788
[1514.0],-96.40942737432029
[1515.0],-95.83671564649798
[1516.0],-95.12415913948162
[1517.0],-94.5366838442724
[1518.0],-93.86245469225494
[1519.0],-102.25313008914793
[1520.0],-101.47452868549267
[1521.0],-100.84910371509305
[1522.0],-99.96580956458013
[1523.0],-99.3520725239293
[1524.0],-98.5505227034594
[1525.0],-97.92533641982934
[1526.0],-97.18161494546732
[1527.0],-96.54987751180904
[1528.0],-95.84462689900066
[1529.0],-104.89498839452719
[1530.0],-103.79657201901921
[1531.0],-103.40098925551158
[1532.0],-102.20627541559294
[1533.0],-101.74850142279456
[1534.0],-100.74030429707963
[1535.0],-100.20666183506296
[1536.0],-99.32446838584892
[1537.0],-98.74216696899687
[1538.0],-97.9409997591961
[1539.0],-101.17474484331578
[1540.0],-100.50045268051409
[1541.0],-99.8879171341879
[1542.0],-98.85376156906435
[1543.0],-98.29853588034909
[1544.0],-97.39883953925869
[1545.0],-96.81608902120044
[1546.0],-96.01330436857451
[1547.0],-95.41187119734067
[1548.0],-94.67266890682941
[1549.0],-100.64839485429286
[1550.0],-100.05211901841413
[1551.0],-99.30397062018488
[1552.0],-98.24068852308825
[1553.0],-97.62588007287026
[1554.0],-96.71275172048685
[1555.0],-96.09798176490774
[1556.0],-95.28821457314208
[1557.0],-94.66586357271306
[1558.0],-93.91889885849763
[1559.0],-94.01639884723579
[1560.0],-93.6298401576107
[1561.0],-92.76358664366921
[1562.0],-91.79211358918667
[1563.0],-91.16213476697011
[1564.0],-90.32990115029335
[1565.0],-89.72683603283214
[1566.0],-88.98483167820952
[1567.0],-88.38509900286306
[1568.0],-87.69494716021366
[1569.0],-92.49948265027899
[1570.0],-91.38898259094402
[1571.0],-90.80445280179943
[1572.0],-89.26865693639597
[1573.0],-88.87273284320192
[1574.0],-87.6904304944368
[1575.0],-87.24550823237279
[1576.0],-86.28507787256936
[1577.0],-85.78779547413916
[1578.0],-84.95926200651249
[1579.0],-84.72478305258073
[1580.0],-84.2778703925962
[1581.0],-83.43548050020993
[1582.0],-82.20381512194722
[1583.0],-81.68986887057918
[1584.0],-80.7081256359199
[1585.0],-80.20200148920476
[1586.0],-79.38189445960074
[1587.0],-78.86135810645429
[1588.0],-78.13858128123667
[1589.0],-69.489440993555
[1590.0],-68.49094393175987
[1591.0],-68.02190691645619
[1592.0],-66.58903906709709
[1593.0],-66.32878618563966
[1594.0],-65.25599992020301
[1595.0],-64.94430627840515
[1596.0],-64.09836216370623
[1597.0],-63.733594463670336
[1598.0],-63.02566422636391
[1599.0],-53.25491661666833
[1600.0],-52.23380157917459
[1601.0],-51.768024958547805
[1602.0],-49.98583235396376
[1603.0],-49.89097725249753
[1604.0],-48.63052167648105
[1605.0],-48.46704247048284
[1606.0],-47.531509650165546
[1607.0],-47.28800737047127
[1608.0],-46.546134004489446
[1609.0],-25.27149521484076
[1610.0],-24.833456623654076
[1611.0],-24.62929178635036
[1612.0],-22.799179148325134
[1613.0],-22.979222009683156
[1614.0],-21.69712694249724
[1615.0],-21.740831677326682
[1616.0],-20.821975774288255
[1617.0],-20.746365516288662
[1618.0],-20.053047181466642
[1619.0],34.989853256965105
[1620.0],35.42835214165929
[1621.0],34.228696023077205
[1622.0],36.23080658313747
[1623.0],35.06712926790813
[1624.0],36.36687642859622
[1625.0],35.62844647796644
[1626.0],36.49487831983991
[1627.0],36.061665231115754
[1628.0],36.6644670107338
[1629.0],113.45937546186319
[1630.0],111.7164669445325
[1631.0],107.45552772214819
[1632.0],107.73185651531351
[1633.0],105.05203507273843
[1634.0],105.05951867278492
[1635.0],103.10874829570889
[1636.0],102.8666362364482
[1637.0],101.36225700570684
[1638.0],100.9417389267421
[1639.0],166.26578828319126
[1640.0],160.98297405809532
[1641.0],156.12788088501705
[1642.0],153.4427297174268
[1643.0],150.10962935628513
[1644.0],148.0740318151691
[1645.0],145.4934377137862
[1646.0],143.68548582072447
[1647.0],141.50371643709687
[1648.0],138.32184466310898
[1649.0],149.0096939873335
[1650.0],145.1641001851641
[1651.0],142.04724826161657
[1652.0],138.54766969725307
[1653.0],136.62751156760638
[1654.0],133.94869638299124
[1655.0],132.22664693630344
[1656.0],129.959584601797
[1657.0],127.0036018019917
[1658.0],125.21478269354763
[1659.0],100.88914212299242
[1660.0],98.87568649891394
[1661.0],97.27123387223033
[1662.0],94.00441854966469
[1663.0],93.10799575466716
[1664.0],90.02328316755276
[1665.0],88.71506293974844
[1666.0],86.46271437775547
[1667.0],85.56037100922238
[1668.0],83.95622652745375
[1669.0],52.33174686216404
[1670.0],51.556495793955676
[1671.0],51.53593599426106
[1672.0],48.649962715791574
[1673.0],36.63922846311447
[1674.0],32.06266512741767
[1675.0],31.37916902294891
[1676.0],32.233276645261626
[1677.0],28.858618834000634
[1678.0],33.25521190382926
[1679.0],57.616779253453785
[1680.0],61.22398914509745
[1681.0],64.42616395908158
[1682.0],67.0618124535139
[1683.0],70.72119557987874
[1684.0],72.00553126710362
[1685.0],74.28604122491292
[1686.0],74.92564036675131
[1687.0],76.09045161109887
[1688.0],76.26808645443114
[1689.0],99.56880858509912
[1690.0],97.58534633954555
[1691.0],97.62880384928918
[1692.0],95.25017506118695
[1693.0],94.97858305101758
[1694.0],93.13355054998168
[1695.0],92.5573571342484
[1696.0],91.0848108186318
[1697.0],90.36579070950692
[1698.0],89.13221556348843
[1699.0],82.07706539713777
[1700.0],80.58070050958453
[1701.0],81.03461267583455
[1702.0],78.56262923213338
[1703.0],78.64071479630427
[1704.0],76.76681461178185
[1705.0],76.4697390159362
[1706.0],75.03582812673247
[1707.0],74.5527840164069
[1708.0],73.41156786203067
[1709.0],60.56051329673974
[1710.0],60.75052452471581
[1711.0],59.6782479730959
[1712.0],58.26851080064819
[1713.0],57.61456627687265
[1714.0],56.48107751668208
[1715.0],55.8630421402579
[1716.0],54.95913316605511
[1717.0],54.37577754191779
[1718.0],53.629442225327836
[1719.0],55.00615421511119
[1720.0],55.83844024673925
[1721.0],55.56113824418896
[1722.0],54.97942746811159
[1723.0],54.80602477373251
[1724.0],54.259633736822295
[1725.0],54.00535658967584
[1726.0],53.52425373011898
[1727.0],53.22590307503319
[1728.0],52.79324582397942
[1729.0],57.53887791682063
[1730.0],58.96631928510406
[1731.0],57.895478603945094
[1732.0],57.971681483667496
[1733.0],57.35078630848753
[1734.0],57.26963366084818
[1735.0],56.789389668790314
[1736.0],56.63231998119807
[1737.0],56.23200807951627
[1738.0],56.029554383632885
[1739.0],55.15083274034855
[1740.0],55.681059089391184
[1741.0],55.12133748155865
[1742.0],55.062280086650595
[1743.0],54.691024709370154
[1744.0],54.56472978288851
[1745.0],54.26009458861574
[1746.0],54.10506666569742
[1747.0],53.841627091424996
[1748.0],53.67115644380862
[1749.0],59.72981168188244
[1750.0],59.90764731788445
[1751.0],59.860682718198376
[1752.0],59.80611943528107
[1753.0],59.716275672623084
[1754.0],59.61362902102271
[1755.0],59.49667230018272
[1756.0],59.373596602872944
[1757.0],59.24289547870848
[1758.0],59.10883276239094
[1759.0],63.218471913168734
[1760.0],63.28597569751134
[1761.0],63.00656803831778
[1762.0],63.00857872004553
[1763.0],62.75453375941002
[1764.0],62.69357756629219
[1765.0],62.47602536949359
[1766.0],62.38076039386976
[1767.0],62.18917935489479
[1768.0],62.07394131216844
[1769.0],73.78486956426049
[1770.0],73.12892391977586
[1771.0],72.68132351342636
[1772.0],72.29548170445484
[1773.0],71.91783294107633
[1774.0],71.58863844725018
[1775.0],71.25640710654706
[1776.0],70.95267835864234
[1777.0],70.64598813161776
[1778.0],70.35682018585149
[1779.0],69.60640188945563
[1780.0],68.44327354868075
[1781.0],67.99631477531548
[1782.0],67.36512159317273
[1783.0],66.96542407491883
[1784.0],66.47661917755342
[1785.0],66.12095983510324
[1786.0],65.70905623891723
[1787.0],65.37975685766395
[1788.0],65.0160314292456
[1789.0],65.22811248537185
[1790.0],64.26099606316967
[1791.0],64.00675311688445
[1792.0],63.44494609576854
[1793.0],63.174703814744255
[1794.0],62.731540484348734
[1795.0],62.46316802247321
[1796.0],62.08662878497164
[1797.0],61.81923848595014
[1798.0],61.484758009224535
[1799.0],62.79787862366318
[1800.0],62.02872690124045
[1801.0],61.75217734600434
[1802.0],61.31834477283654
[1803.0],61.02744978422848
[1804.0],60.6650532421986
[1805.0],60.38592728798757
[1806.0],60.06268395787498
[1807.0],59.791548067935615
[1808.0],59.49312779862565
[1809.0],56.57782996144235
[1810.0],56.035930117916216
[1811.0],55.56194567597488
[1812.0],55.23410663516434
[1813.0],54.83255043562544
[1814.0],54.537607001446844
[1815.0],54.19078886680145
[1816.0],53.91072813250727
[1817.0],53.597897162551234
[1818.0],53.32728227559871
[1819.0],53.17494998940284
[1820.0],52.631107893448885
[1821.0],52.0645583420508
[1822.0],51.61407211573871
[1823.0],51.17226684200541
[1824.0],50.78764777978694
[1825.0],50.40628863589257
[1826.0],50.059500585534195
[1827.0],49.71486187850177
[1828.0],49.39258652707889
[1829.0],53.64823972616109
[1830.0],52.97668517956005
[1831.0],52.67539528498039
[1832.0],52.255548244164316
[1833.0],51.94067014344359
[1834.0],51.57331642432395
[1835.0],51.26707493937679
[1836.0],50.92767536337059
[1837.0],50.6270705774552
[1838.0],50.306524270639095
[1839.0],49.15476732834015
[1840.0],48.38917147029639
[1841.0],48.30314391969963
[1842.0],47.9269548130228
[1843.0],47.74718703742634
[1844.0],47.42436283663856
[1845.0],47.21544686070546
[1846.0],46.916788902208495
[1847.0],46.69030015493524
[1848.0],46.40751626367523
[1849.0],48.858033180701405
[1850.0],47.94166500840753
[1851.0],47.35427768371846
[1852.0],46.90453339050326
[1853.0],46.40134122611655
[1854.0],46.01691787985476
[1855.0],45.585120205529606
[1856.0],45.227113907054054
[1857.0],44.83796448918357
[1858.0],44.49541375090078
[1859.0],46.9498436050627
[1860.0],45.79843782117106
[1861.0],45.53364708859519
[1862.0],45.00929777409074
[1863.0],44.64884298734187
[1864.0],44.195038956932585
[1865.0],43.83111201033962
[1866.0],43.41039539294914
[1867.0],43.04757713385446
[1868.0],42.65058795211152
[1869.0],39.135407281108996
[1870.0],38.08476217317532
[1871.0],37.77140491789201
[1872.0],37.29761037379457
[1873.0],36.918748528484656
[1874.0],36.50122974646783
[1875.0],36.130751909046666
[1876.0],35.73813520655504
[1877.0],35.37563390883785
[1878.0],34.999817486750416
[1879.0],32.853020887275946
[1880.0],32.150968102407944
[1881.0],31.9396529792642
[1882.0],31.7152479342703
[1883.0],31.39599444724556
[1884.0],31.14548682816727
[1885.0],30.822652242225008
[1886.0],30.547126466892326
[1887.0],30.226034057555218
[1888.0],29.935722149818865
[1889.0],24.519162401122724
[1890.0],23.900397492812303
[1891.0],23.928079062961757
[1892.0],23.841275189806627
[1893.0],23.666996093771274
[1894.0],23.52230962368315
[1895.0],23.30941490089522
[1896.0],23.12121557903355
[1897.0],22.890442580641416
[1898.0],22.67621578957078
[1899.0],20.353779936250927
[1900.0],19.493831063622263
[1901.0],19.800832606428052
[1902.0],19.587742887818358
[1903.0],19.588038256587087
[1904.0],19.36925406354315
[1905.0],19.274206566870504
[1906.0],19.046593021671754
[1907.0],18.89929063075549
[1908.0],18.668609550546
[1909.0],15.167023062522873
[1910.0],14.257117436914513
[1911.0],14.942643247994601
[1912.0],14.766646217592186
[1913.0],14.985807936136993
[1914.0],14.795549286532024
[1915.0],14.845526333075108
[1916.0],14.64374439870108
[1917.0],14.59750477461181
[1918.0],14.391694705647824
[1919.0],8.63934845719679
[1920.0],7.37815127789831
[1921.0],8.233214257273534
[1922.0],7.9433412610936305
[1923.0],8.273421645327515
[1924.0],8.023877225704448
[1925.0],8.150692557910602
[1926.0],7.914246370532678
[1927.0],7.918819705992172
[1928.0],7.690970431657795
[1929.0],-4.603361384042893
[1930.0],-5.90805594683015
[1931.0],-4.3717767853291445
[1932.0],-4.668067861243766
[1933.0],-3.9123113280679345
[1934.0],-4.156520164617657
[1935.0],-3.7435951753238967
[1936.0],-3.961203280507642
[1937.0],-3.7565586740481587
[1938.0],-3.956128662273469
[1939.0],-19.44804128817936
[1940.0],-20.987155380200814
[1941.0],-19.2121494938432
[1942.0],-19.580493697154573
[1943.0],-18.66123909705103
[1944.0],-18.934270813647178
[1945.0],-18.404319095904317
[1946.0],-18.630542543066895
[1947.0],-18.34096263470165
[1948.0],-18.537376687064064
[1949.0],-38.44899779432979
[1950.0],-40.4043238111069
[1951.0],-38.06513662134289
[1952.0],-38.63922302876529
[1953.0],-37.364179174242125
[1954.0],-37.75529975165955
[1955.0],-36.98077796728171
[1956.0],-37.2655224750944
[1957.0],-36.799838297476846
[1958.0],-37.01506212510487
[1959.0],-56.41646901937527
[1960.0],-58.70768442644185
[1961.0],-55.09612057444359
[1962.0],-55.82799031350194
[1963.0],-53.78230333271363
[1964.0],-54.26817381041547
[1965.0],-52.98155088596652
[1966.0],-53.303751683274236
[1967.0],-52.48005979394628
[1968.0],-52.74739667151635
[1969.0],-73.58707974231493
[1970.0],-75.12454527614955
[1971.0],-71.99160563073076
[1972.0],-72.46065885021554
[1973.0],-70.61182297776078
[1974.0],-70.8965550550519
[1975.0],-69.69791729293071
[1976.0],-69.85877307956017
[1977.0],-69.12289640604558
[1978.0],-69.18836486752461
[1979.0],-82.38470676788951
[1980.0],-83.12292873077074
[1981.0],-80.07293734896271
[1982.0],-80.55673424658129
[1983.0],-78.65866719561963
[1984.0],-78.96294424209351
[1985.0],-77.71537155719511
[1986.0],-77.8720581022222
[1987.0],-77.02444310905777
[1988.0],-77.07791237234389
[1989.0],-89.28177514850613
[1990.0],-90.0297069741432
[1991.0],-85.77123205725894
[1992.0],-86.57796539400901
[1993.0],-83.79571869684037
[1994.0],-84.26477440886488
[1995.0],-82.39015330297393
[1996.0],-82.59013938341984
[1997.0],-81.28059549747336
[1998.0],-81.29961444888527
[1999.0],-111.45468241604912
